{
  "project_info": {
    "project_number": "343664443701",
    "firebase_url": "https://l3-miniprojet-default-rtdb.europe-west1.firebasedatabase.app",
    "project_id": "l3-miniprojet",
    "storage_bucket": "l3-miniprojet.appspot.com"
  },
  "client": [
    {
      "client_info": {
        "mobilesdk_app_id": "1:343664443701:android:71d0301cc26f17cca4cc7c",
        "android_client_info": {
          "package_name": "com.example.noblee"
        }
      },
      "oauth_client": [
        {
          "client_id": "343664443701-srssvgs3ufk8utpbkndkdd2ojcota7be.apps.googleusercontent.com",
          "client_type": 3
        }
      ],
      "api_key": [
        {
          "current_key": "AIzaSyCBVoB9aLr3rvbJU1P5hbE5yFUBWs4ZrAM"
        }
      ],
      "services": {
        "appinvite_service": {
          "other_platform_oauth_client": [
            {
              "client_id": "343664443701-srssvgs3ufk8utpbkndkdd2ojcota7be.apps.googleusercontent.com",
              "client_type": 3
            }
          ]
        }
      }
    },
    {
      "client_info": {
        "mobilesdk_app_id": "1:343664443701:android:d2567d7e5aa066f9a4cc7c",
        "android_client_info": {
          "package_name": "com.example.nobleemedcin2"
        }
      },
      "oauth_client": [
        {
          "client_id": "343664443701-srssvgs3ufk8utpbkndkdd2ojcota7be.apps.googleusercontent.com",
          "client_type": 3
        }
      ],
      "api_key": [
        {
          "current_key": "AIzaSyCBVoB9aLr3rvbJU1P5hbE5yFUBWs4ZrAM"
        }
      ],
      "services": {
        "appinvite_service": {
          "other_platform_oauth_client": [
            {
              "client_id": "343664443701-srssvgs3ufk8utpbkndkdd2ojcota7be.apps.googleusercontent.com",
              "client_type": 3
            }
          ]
        }
      }
    },
    {
      "client_info": {
        "mobilesdk_app_id": "1:343664443701:android:220b95fea146cf7ea4cc7c",
        "android_client_info": {
          "package_name": "com.example.nobleemedecin"
        }
      },
      "oauth_client": [
        {
          "client_id": "343664443701-p4gs47cv716ul3v0f9mo30kh0qjvcc6k.apps.googleusercontent.com",
          "client_type": 1,
          "android_info": {
            "package_name": "com.example.nobleemedecin",
            "certificate_hash": "be8a784e9134229b2d79dfe3b79c7d71eae6b63c"
          }
        },
        {
          "client_id": "343664443701-srssvgs3ufk8utpbkndkdd2ojcota7be.apps.googleusercontent.com",
          "client_type": 3
        }
      ],
      "api_key": [
        {
          "current_key": "AIzaSyCBVoB9aLr3rvbJU1P5hbE5yFUBWs4ZrAM"
        }
      ],
      "services": {
        "appinvite_service": {
          "other_platform_oauth_client": [
            {
              "client_id": "343664443701-srssvgs3ufk8utpbkndkdd2ojcota7be.apps.googleusercontent.com",
              "client_type": 3
            }
          ]
        }
      }
    },
    {
      "client_info": {
        "mobilesdk_app_id": "1:343664443701:android:7d150fcb87ccd46ba4cc7c",
        "android_client_info": {
          "package_name": "com.example.nobleevondeur"
        }
      },
      "oauth_client": [
        {
          "client_id": "343664443701-srssvgs3ufk8utpbkndkdd2ojcota7be.apps.googleusercontent.com",
          "client_type": 3
        }
      ],
      "api_key": [
        {
          "current_key": "AIzaSyCBVoB9aLr3rvbJU1P5hbE5yFUBWs4ZrAM"
        }
      ],
      "services": {
        "appinvite_service": {
          "other_platform_oauth_client": [
            {
              "client_id": "343664443701-srssvgs3ufk8utpbkndkdd2ojcota7be.apps.googleusercontent.com",
              "client_type": 3
            }
          ]
        }
      }
    },
    {
      "client_info": {
        "mobilesdk_app_id": "1:343664443701:android:ce94018f10b5c538a4cc7c",
        "android_client_info": {
          "package_name": "com.example.singlubox"
        }
      },
      "oauth_client": [
        {
          "client_id": "343664443701-srssvgs3ufk8utpbkndkdd2ojcota7be.apps.googleusercontent.com",
          "client_type": 3
        }
      ],
      "api_key": [
        {
          "current_key": "AIzaSyCBVoB9aLr3rvbJU1P5hbE5yFUBWs4ZrAM"
        }
      ],
      "services": {
        "appinvite_service": {
          "other_platform_oauth_client": [
            {
              "client_id": "343664443701-srssvgs3ufk8utpbkndkdd2ojcota7be.apps.googleusercontent.com",
              "client_type": 3
            }
          ]
        }
      }
    }
  ],
  "configuration_version": "1"
}